uuid,name,description,class,shortname,reference-term-source,reference-term-code,reference-term-relationship,child.1,child.2,child.3,child.4,child.5,child.6,child.7,child.8,child.9,child.10
a0ec5854-86c4-4b8f-b54f-387014c9400f,Abortion,Form to sections relationship for Abortion,Concept Details,Abortion,,,,Details,Other details,Referral details,,,,,,,
3a79c32b-b104-444b-9826-c0b50282b343,Abortion Followup,Form to sections relationship for Abortion Followup,Concept Details,Abortion Followup,,,,Details,Woman's examination,Maternal death,Referral,Counselling,Counselling details,,,,
d731e807-f10f-4d85-83f2-657b39e31733,Albendazole Tracking,Form to sections relationship for Albendazole Tracking,Concept Details,Albendazole Tracking,,,,Details,,,,,,,,,
5dc96442-4a32-46b6-8a94-24b73de10a3f,ANC Clinic Visit,Form to sections relationship for ANC Clinic Visit,Concept Details,ANC Clinic Visit,,,,ANC Visit Details,Anthropometry,Basic details,History and Physical examination,Lab investigations,Urine Microscopy,Medicines & Vaccines,Next ANC Details,Referral Details,USG report
4d7287d9-a390-43f2-840e-2ef8c7dc6eb6,ANC Home Visit,Form to sections relationship for ANC Home Visit,Concept Details,ANC Home Visit,,,,Anthropometry,Basic Details,History and Physical examination,Lab investigations,Medicine,JSS Visit Details,Referral,Details of next visit,,
9d167158-234f-4bfa-96de-6bf80ce82318,Anthropometry Assessment,Form to sections relationship for Anthropometry Assessment,Concept Details,Anthropometry Assessment,,,,Anthropometry,,,,,,,,,
f1df9bcb-770b-486b-94b5-aae38094184c,Arthritis Enrolment,Form to sections relationship for Arthritis Enrolment,Concept Details,Arthritis Enrolment,,,,Details,,,,,,,,,
7822eb36-4da1-4996-b8e1-0c4d1b5981c7,Asthma Enrolment,Form to sections relationship for Asthma Enrolment,Concept Details,Asthma Enrolment,,,,Details,,,,,,,,,
d509b5d8-eb13-4382-ac2d-11806b67a085,Birth form,Form to sections relationship for Birth form,Concept Details,Birth form,,,,General,Physical Examination,Vitals,,,,,,,
c6a20df5-77e5-4f96-8c62-0774322d631f,Cancer Enrolment,Form to sections relationship for Cancer Enrolment,Concept Details,Cancer Enrolment,,,,Details,,,,,,,,,
d15e47cb-869f-4b1c-94d6-a491de3f88ce,CBNAAT Result Form,Form to sections relationship for CBNAAT Result Form,Concept Details,CBNAAT Result Form,,,,Result,,,,,,,,,
fc989192-290a-4bed-9dc4-c45ef50784ab,Child Birth Form,Form to sections relationship for Child Birth Form,Concept Details,Child Birth Form,,,,General,Newborn observations within 30 seconds,Details,Newborn observations after 5 mins,,,,,,
1123900b-ecc8-479a-9e5a-89d85b401844,Child Enrolment,Form to sections relationship for Child Enrolment,Concept Details,Child Enrolment,,,,Dummy,,,,,,,,,
3fa18274-363d-4ba0-ae5c-9d216a9c6060,Child Enrolment Phulwari,Form to sections relationship for Child Enrolment Phulwari,Concept Details,Child Enrolment Phulwari,,,,Basic Details,Personal Details,Socio-Economic Details,,,,,,,
2013e62a-d99b-4b85-b970-3b413d2ce37f,Clinic Lab Result,Form to sections relationship for Clinic Lab Result,Concept Details,Clinic Lab Result,,,,Results,,,,,,,,,
41eea089-cfc3-4495-a34a-10f87316119e,COPD Enrolment,Form to sections relationship for COPD Enrolment,Concept Details,COPD Enrolment,,,,Details,,,,,,,,,
ce40b18e-96c9-4a31-aa4b-8c5c95dfca69,Death,Form to sections relationship for Death,Concept Details,Death,,,,Place and Date of death,Cause of death,,,,,,,,
7b9d36e1-619f-48b1-aea2-d628fea47d0c,Delivery,Form to sections relationship for Delivery,Concept Details,Delivery,,,,Delivery Details,Other details,,,,,,,,
f12d2132-d5c7-4a6f-9f65-932f43eaabbc,Diabetes Enrolment,Form to sections relationship for Diabetes Enrolment,Concept Details,Diabetes Enrolment,,,,Anthropometry,Disease,ECG,Lab,Medicine,Counselling,Next visit date,,,
2bd8c5e7-4135-4dc6-bb6b-66475ef91542,Diabetes Followup,Form to sections relationship for Diabetes Followup,Concept Details,Diabetes Followup,,,,Place,Anthropometry,History,Physical examination,Labs and other investigations,Assessment,Medicine,Counselling,Referral,Next visit
5cfb94c7-4bd8-438e-be0d-178599edaaf5,Diabetes lab test,Form to sections relationship for Diabetes lab test,Concept Details,Diabetes lab test,,,,Labs,Assessment,,,,,,,,
ab52d897-a679-4657-96c8-1053749bea1a,Eligible Couple Follow-up Encounter,Form to sections relationship for Eligible Couple Follow-up Encounter,Concept Details,Eligible Couple Follow-up Encounter,,,,Details,,,,,,,,,
3ccfe27e-13c6-4cc0-bb3f-736e6bc8d074,Epilepsy Enrolment,Form to sections relationship for Epilepsy Enrolment,Concept Details,Epilepsy Enrolment,,,,Details,Medicines,Next Visit,,,,,,,
8a9688f7-1357-491f-8436-38832ea381be,Epilepsy referral status form,Form to sections relationship for Epilepsy referral status form,Concept Details,Epilepsy referral status form,,,,Referral Status-1 Details,Referral Status-2 Details,,,,,,,,
adaf36cc-330a-4b36-aa96-28110dcf5180,Ganiyari Lab Result Form,Form to sections relationship for Ganiyari Lab Result Form,Concept Details,Ganiyari Lab Result Form,,,,Results,,,,,,,,,
9037d328-e42b-4b95-904b-b4cfd68f26da,HBNC Encounter,Form to sections relationship for HBNC Encounter,Concept Details,HBNC Encounter,,,,Health Check Up Details of Newborn,Referral,,,,,,,,
2205f64d-55f5-4f06-9de9-914e3c320ad3,Heart Disease Enrolment,Form to sections relationship for Heart Disease Enrolment,Concept Details,Heart Disease Enrolment,,,,Details,,,,,,,,,
754d4233-def1-4ee1-9968-f9802b300cc3,Hypertension Enrolment,Form to sections relationship for Hypertension Enrolment,Concept Details,Hypertension Enrolment,,,,Anthropometry,Basic details,Disease,Physical Exam,Baseline lab,Medicine,Counselling,Next visit details,,
d0a6c110-d3cd-42de-95c8-8342382e2e51,Hypertension Followup,Form to sections relationship for Hypertension Followup,Concept Details,Hypertension Followup,,,,Followup details,Anthropometry,Basic details,History,Physical Exam,Lab,Medicine,Counselling,Referral,Assessment
7f6f63b5-0372-46ba-aa65-954cb9ac2e13,Hypertension referral status,Form to sections relationship for Hypertension referral status,Concept Details,Hypertension referral status,,,,Referral Status-1 Details,Referral Status-2 Details,,,,,,,,
c8bafc73-b040-4f84-aafc-7d7754b15ee8,INH Prophylaxis follow up,Form to sections relationship for INH Prophylaxis follow up,Concept Details,INH Prophylaxis follow up,,,,History and Examination,Follow up details,Next visit details,,,,,,,
105f8747-e9b4-462a-a0dd-2eb44b6cb755,JSSCP Registration Form,Form to sections relationship for JSSCP Registration Form,Concept Details,JSSCP Registration Form,,,,Personal Details,Individual information,Socio-Economic Details,,,,,,,
d1e9bd19-9846-44d7-98c4-50f14905e186,Lab Investigations Results for pregnancy induced diabetes,Form to sections relationship for Lab Investigations Results for pregnancy induced diabetes,Concept Details,Lab Investigations Results for pregnancy induced diabetes,,,,Test details,,,,,,,,,
f0323fe7-007d-4924-aa20-390938e3274f,Lab test form,Form to sections relationship for Lab test form,Concept Details,Lab test form,,,,Lab,,,,,,,,,
78e408ed-768e-4ba3-a007-e88e7ecbe574,LJ Result Form,Form to sections relationship for LJ Result Form,Concept Details,LJ Result Form,,,,Result,,,,,,,,,
e4438096-1437-4cd8-a574-3d3982e6b51d,LPA Result Form,Form to sections relationship for LPA Result Form,Concept Details,LPA Result Form,,,,Result,,,,,,,,,
d092734c-0ac7-4081-84b7-2cb894f03d2a,Mental Illness Enrolment,Form to sections relationship for Mental Illness Enrolment,Concept Details,Mental Illness Enrolment,,,,Details,,,,,,,,,
0ffbda4d-b84b-4ea3-a80e-dd804dce664a,Mother PNC,Form to sections relationship for Mother PNC,Concept Details,Mother PNC,,,,Basic Details,Mother's examination,Schemes,Counselling,Counselling details,Referral,,,,
d88a10e6-f602-48a7-803d-6d5ecf2f8584,PPMC Encounter,Form to sections relationship for PPMC Encounter,Concept Details,PPMC Encounter,,,,Health Checkup Details of Mother,Referral,,,,,,,,
2427a326-a12d-4470-9382-0d07471d5d51,Pregnancy Enrolment,Form to sections relationship for Pregnancy Enrolment,Concept Details,Pregnancy Enrolment,,,,General Information,Obstetric details,Previous Pregnancy Details,Medical history,Details of ANC Visit,Counselling,,,,
5bebf7e7-b90c-4fe5-8da2-e44db209b3c2,Referral Status,Form to sections relationship for Referral Status,Concept Details,Referral Status,,,,Referral Status-1 Details,Referral Status-2 Details,,,,,,,,
1ce47296-3ed4-48f3-beb0-eacc28e472c1,Sickle cell Enrolment,Form to sections relationship for Sickle cell Enrolment,Concept Details,Sickle cell Enrolment,,,,Details,Lab Investigation,Medicine,Next visit date,,,,,,
00b974a2-b83f-44d8-b6aa-d56486141b92,Sickle cell lab test,Form to sections relationship for Sickle cell lab test,Concept Details,Sickle cell lab test,,,,Lab Investigation,,,,,,,,,
ce83dd4e-23bf-425f-92c2-9262f1d8a2c5,Stroke Enrolment,Form to sections relationship for Stroke Enrolment,Concept Details,Stroke Enrolment,,,,Details,,,,,,,,,
83127689-c60d-440a-9e0b-f517a18f2f40,TB Family Screening Form,Form to sections relationship for TB Family Screening Form,Concept Details,TB Family Screening Form,,,,Socio-economic Status of Family,Family screening,Counselling,,,,,,,
6909a4a3-a1bd-40c9-90a8-44889ab124d7,TB Followup,Form to sections relationship for TB Followup,Concept Details,TB Followup,,,,Details,Anthropometry,Symptoms improvement,Baseline disease information,Physical examination,Symptoms of extra pulmonary TB,Medicine Compliance,Side effect of medicines,Baseline Lab,Medicine
90ab0145-a17d-4498-bec8-41ff9d592355,TB - INH Prophylaxis Enrolment,Form to sections relationship for TB - INH Prophylaxis Enrolment,Concept Details,TB - INH Prophylaxis Enrolment,,,,Treatment details,,,,,,,,,
4ea7a8b7-7817-43f9-9a94-82c190dd2dc5,TB Lab results,Form to sections relationship for TB Lab results,Concept Details,TB Lab results,,,,Test details,Lab test results,,,,,,,,
c970b23e-d86e-4ad0-b2e7-b2694b9f191a,TB referral status,Form to sections relationship for TB referral status,Concept Details,TB referral status,,,,Referral Status-1 Details,Referral Status-2 Details,,,,,,,,
4f4acfef-f6a0-46e8-a321-fc329715b403,TB Study Baseline Barrier and Social support assessment Encounter,Form to sections relationship for TB Study Baseline Barrier and Social support assessment Encounter,Concept Details,TB Study Baseline Barrier and Social support assessment Encounter,,,,Barrier Assessment If Patient would be taking treatment from routine NTEP protocol for additional Support,Types of Social Support Offered Until the Date,,,,,,,,
d1359f02-4b67-4adb-9fa6-d55649a912a2,TB Study Baseline Exam Encounter,Form to sections relationship for TB Study Baseline Exam Encounter,Concept Details,TB Study Baseline Exam Encounter,,,,Study ID,Date Information,Examination,Form Filled Details,,,,,,
85ac2015-c095-4d03-8fff-ea90ac82971e,TB Study Baseline Labs Encounter,Form to sections relationship for TB Study Baseline Labs Encounter,Concept Details,TB Study Baseline Labs Encounter,,,,Study ID,Date Information,Baseline Labs For ATT Initiation,Microbiological Confirmation of TB,Other Sensitivity Test,Other Tests,Form Filled Details,,,
97461993-7851-4a72-bc2c-5d42cf7f5824,TB Study Baseline Treatment Encounter,Form to sections relationship for TB Study Baseline Treatment Encounter,Concept Details,TB Study Baseline Treatment Encounter,,,,Study ID,Date Information,Baseline Treatment Plan For Patient,Barrier Assessment If Patient would be taking treatment from routine NTEP protocol for additional Support,Types of Social Support Offered Until the Date,Form Filled Details,,,,
4e2c6a2b-9fb4-4032-817b-66050f83b810,TB Study Enrollment,Form to sections relationship for TB Study Enrollment,Concept Details,TB Study Enrollment,,,,Address,Demographic Information,TB Study Diagnosis Process Information,TB Study Enrollment Information,,,,,,
eeece83c-887b-46cd-b9c2-1ac26cbcbcc6,Thyroidism Enrolment,Form to sections relationship for Thyroidism Enrolment,Concept Details,Thyroidism Enrolment,,,,Details,,,,,,,,,
7b566e4a-401a-4d05-81fd-98a8a692a21a,Treatment Form,Form to sections relationship for Treatment Form,Concept Details,Treatment Form,,,,Illness information,Treatment,Referral,,,,,,,
04f58758-de9d-4ee4-90c4-e870ed44bfd6,Tuberculosis Enrolment,Form to sections relationship for Tuberculosis Enrolment,Concept Details,Tuberculosis Enrolment,,,,Details,Anthropometry,Baseline disease information,Symptoms of extra pulmonary TB,Baseline Lab,Medicine,Next Visit,Complete diagnosis,,
ada59045-f891-4471-97d5-ffe66375d6c8,USG Report,Form to sections relationship for USG Report,Concept Details,USG Report,,,,Details,,,,,,,,,
1700bf36-2e21-4ea0-9a1a-d96585ac2d65,Women's Health Camp Enrolment,Form to sections relationship for Women's Health Camp Enrolment,Concept Details,Women's Health Camp Enrolment,,,,Enrolment Details,,,,,,,,,
78482b01-8b58-4585-a4a3-26e902324d5a,Details,Section to questions relationship for Details,Concept Details,Details,,,,Date and time of abortion,Type of abortion,Place of Abortion,Specify other place of abortion,Abortion done by,Specify the who other did the abortion,"If self medication, where did woman get the medicine from",Other place from where woman got the medicine,Complication due to abortion,Other complication faced due to abortion
5e070bb1-de2c-443f-9467-6497c18a41c0,Other details,Section to questions relationship for Other details,Concept Details,Other details,,,,Name of village where woman got abortion done,Does woman require referral?,Danger signs during the process of labour,Part of foetus that came first,Colour of amniotic fluid,Other colour of amniotic fluid,Was mother given tab. Misoprostol (3 tabs)/ Inj. Oxytocin (on thigh) within 1 minute after the birth?,Was placenta delivered by pulling,Was mother given anything to drink?,Did mother breastfed the baby within 1 hour after the birth
b85a06d5-a417-43e6-9b98-236afb82a0ef,Referral details,Section to questions relationship for Referral details,Concept Details,Referral details,,,,Does woman require referral?,Place of referral,Other place of referral,Referral reason,Other referral reason,,,,,
d2517e05-5ee3-4b38-9a50-fa93ec97d715,Details,Section to questions relationship for Details,Concept Details,Details,,,,Date and time of abortion,Type of abortion,Place of Abortion,Specify other place of abortion,Abortion done by,Specify the who other did the abortion,"If self medication, where did woman get the medicine from",Other place from where woman got the medicine,Complication due to abortion,Other complication faced due to abortion
e50a8f02-a3cd-44ab-8f68-765395861b69,Woman's examination,Section to questions relationship for Woman's examination,Concept Details,Woman's examination,,,,Temperature,Temperature(celcius),Pulse,Blood Pressure (systolic),Blood Pressure (Diastolic),Is there foul smelling discharge PV,Does mother has seizures?,"Does mother has any breast related issue like swelling, cracked nipple etc?",,
512b6302-268c-4fc9-ad29-e7d9d7702637,Maternal death,Section to questions relationship for Maternal death,Concept Details,Maternal death,,,,Did mother die?,Date of Death,,,,,,,,
0e95d347-89ec-443f-b37d-354394afde8d,Referral,Section to questions relationship for Referral,Concept Details,Referral,,,,Referral needed to mother?,Does woman require referral?,Place of referral,Other place of referral,Referral reason,Other referral reason,Status of referral -1,Status of referral -2,Status of referred patients,Woman requires referral
8d002372-172a-470e-a108-427c045beee4,Counselling,Section to questions relationship for Counselling,Concept Details,Counselling,,,,Counselling,Counselling points of diabetes enrolment,Initial counselling done,Counselling Done,Hypertension Enrolment Counselling Points,Does woman want to continue this pregnancy?,Send her to nearest antenatal clinic,Date of next ANC Visit,Send her to hospital for abortion,TB family screening counselling point
26373801-4623-4277-9600-36326d6f2342,Counselling details,Section to questions relationship for Counselling details,Concept Details,Counselling details,,,,Counselling,Family Planning Benefits for Women,The benefits of family planning to the child,Risks of not adopting family planning,The exact time and interval of pregnancy,When is the possibility of the next pregnancy after delivery?,Have you thought about using any contraceptive,"If she had not thought about any contraceptive method, then tell about different methods.",Provide detailed information about the chosen contraceptive method,Repeat key points once again
067dc0df-02ef-40d3-ab2f-57b61befbccc,Details,Section to questions relationship for Details,Concept Details,Details,,,,Date and time of abortion,Type of abortion,Place of Abortion,Specify other place of abortion,Abortion done by,Specify the who other did the abortion,"If self medication, where did woman get the medicine from",Other place from where woman got the medicine,Complication due to abortion,Other complication faced due to abortion
93dc5618-b9eb-4525-ad00-702e610de91c,ANC Visit Details,Section to questions relationship for ANC Visit Details,Concept Details,ANC Visit Details,,,,Name of ANC Clinic,,,,,,,,,
8d025ce3-39f1-4027-b1fd-9544cfaa791f,Anthropometry,Section to questions relationship for Anthropometry,Concept Details,Anthropometry,,,,Height,Weight,BMI,Systolic,Diastolic,Is mosquito net given,Is safe delivery kit given,Skip capturing height,Reason for skipping height capture.,Waist circumference
7d9fe00e-fba6-4872-9dfc-7156a3a2c5ca,Basic details,Section to questions relationship for Basic details,Concept Details,Basic details,,,,Blood Pressure (systolic),Blood Pressure (Diastolic),BMI,Is mosquito net given,Is safe delivery kit given,Addiction,Type of patient,,,
b42a165f-83fd-41a3-8b41-cbc81008ac85,History and Physical examination,Section to questions relationship for History and Physical examination,Concept Details,History and Physical examination,,,,New complaint,Other complaint,Mother found with pregnancy induced disease,Oedema,Abdomen check,Current gestational age,Gestational age,Fundle Height,Position,FHS
5935550d-27c1-4c20-a55c-86541ad89dbd,Lab investigations,Section to questions relationship for Lab investigations,Concept Details,Lab investigations,,,,Blood group,HIV (Elisa),Hepatitis B,Sickle prep,Hb Electrophoresis,VDRL,Pus Cell,RBC,Epithelial cells,Cast
47db7a43-aefc-40b0-ab37-34192d6c92f7,Urine Microscopy,Section to questions relationship for Urine Microscopy,Concept Details,Urine Microscopy,,,,Pus Cell,RBC,Epithelial cells,Cast,Crystel,,,,,
85bc3eff-c954-4728-981b-f638b38c0f26,Medicines & Vaccines,Section to questions relationship for Medicines & Vaccines,Concept Details,Medicines & Vaccines,,,,Iron & Folic Acid,Whether Folic acid given,Whether IFA given,Whether Calcium given,Whether Amala given,Does mother require other medicine?,TT 1,TT 2,,
aec0d4bf-a747-4831-b850-899a2cf0ed22,Next ANC Details,Section to questions relationship for Next ANC Details,Concept Details,Next ANC Details,,,,Date of next ANC Visit,,,,,,,,,
169063d3-c7e5-4994-ab0b-9344e8f79fe3,Referral Details,Section to questions relationship for Referral Details,Concept Details,Referral Details,,,,Referral required for?,Does woman require referral?,Place of referral,Other place of referral,Referral reason,Other referral reason,Referral place,,,
10ccd8f6-d299-4621-a497-00d6ca04e8a1,USG report,Section to questions relationship for USG report,Concept Details,USG report,,,,Foetus is ok,Presentation of baby,Twin baby,Follow USG required,Date of next USG,,,,,
099c0ad0-7214-4608-818e-0f74b3559225,Next visit details,Section to questions relationship for Next visit details,Concept Details,Next visit details,,,,Date of next ANC Visit,next anc date,Date of next visit,Disease status,Plan recall within a month for this patient!,Notes for hypertension followup,Next visit date,,,
6f2b5ac7-69a2-4da4-985d-fd7e8f64aa86,Next visit details,Section to questions relationship for Next visit details,Concept Details,Next visit details,,,,Date of next ANC Visit,next anc date,Date of next visit,Disease status,Plan recall within a month for this patient!,Notes for hypertension followup,Next visit date,,,
d1b22115-4990-440a-8db8-58cb9ecc0d3d,Anthropometry,Section to questions relationship for Anthropometry,Concept Details,Anthropometry,,,,Height,Weight,BMI,Systolic,Diastolic,Is mosquito net given,Is safe delivery kit given,Skip capturing height,Reason for skipping height capture.,Waist circumference
4e587e2e-2bab-4b5d-ae6e-fb9032f1b90b,Basic Details,Section to questions relationship for Basic Details,Concept Details,Basic Details,,,,Blood Pressure (systolic),Blood Pressure (Diastolic),Is mosquito net given,Is safe delivery kit given,Phulwari,Phulwari group,Enrolment ID,Is baby exclusively breastfeeding,Is there any developmental delay or disability seen?,Child Disabilities
eb100b6d-bad5-48ff-89bb-cefa69d833c6,History and Physical examination,Section to questions relationship for History and Physical examination,Concept Details,History and Physical examination,,,,New complaint,Other complaint,Mother found with pregnancy induced disease,Oedema,Abdomen check,Current gestational age,Gestational age,Fundle Height,Position,FHS
c84f4983-b170-44a9-8d0d-987b144c3369,Lab investigations,Section to questions relationship for Lab investigations,Concept Details,Lab investigations,,,,Blood group,HIV (Elisa),Hepatitis B,Sickle prep,Hb Electrophoresis,VDRL,Pus Cell,RBC,Epithelial cells,Cast
b409c75b-1d94-41ac-a38d-407c29da8f01,Medicine,Section to questions relationship for Medicine,Concept Details,Medicine,,,,Whether Folic acid given,Whether IFA given,Whether Calcium given,Whether Amala given,Diabetes medicines,Metformin,Metformin tablet for how many times a day,Metformin tablet for how many days,Metformin SR,Metformin SR tablet for how many times a day
425a442e-8da4-436c-836d-60fc6acba3b4,JSS Visit Details,Section to questions relationship for JSS Visit Details,Concept Details,JSS Visit Details,,,,Have you visited any facility for antenatal check other than JSS?,Other facilities visited for antenatal check other than JSS,,,,,,,,
28bea00a-0211-425f-84f0-c4ac75a79680,Referral,Section to questions relationship for Referral,Concept Details,Referral,,,,Referral needed to mother?,Does woman require referral?,Place of referral,Other place of referral,Referral reason,Other referral reason,Status of referral -1,Status of referral -2,Status of referred patients,Woman requires referral
64d94afc-1b9f-4091-8954-222b7ca4d45e,Details of next visit,Section to questions relationship for Details of next visit,Concept Details,Details of next visit,,,,Date of next ANC Visit,,,,,,,,,
ab753a6d-6258-4294-81f4-e75263b80712,Anthropometry,Section to questions relationship for Anthropometry,Concept Details,Anthropometry,,,,Height,Weight,BMI,Systolic,Diastolic,Is mosquito net given,Is safe delivery kit given,Skip capturing height,Reason for skipping height capture.,Waist circumference
80197d45-c6ac-4a32-b97c-b1d53fff167f,Details,Section to questions relationship for Details,Concept Details,Details,,,,Date and time of abortion,Type of abortion,Place of Abortion,Specify other place of abortion,Abortion done by,Specify the who other did the abortion,"If self medication, where did woman get the medicine from",Other place from where woman got the medicine,Complication due to abortion,Other complication faced due to abortion
6c2cf047-a2b8-4514-bd5c-372b18bff9e2,Details,Section to questions relationship for Details,Concept Details,Details,,,,Date and time of abortion,Type of abortion,Place of Abortion,Specify other place of abortion,Abortion done by,Specify the who other did the abortion,"If self medication, where did woman get the medicine from",Other place from where woman got the medicine,Complication due to abortion,Other complication faced due to abortion
e2b91b73-a7a3-4f5b-b9d4-baa424c4d834,General,Section to questions relationship for General,Concept Details,General,,,,Place of birth,Birth Weight,Gestational age category at birth,Cried soon after birth,Breast feeding within 1 hour of birth,Breast feeding started,Whether baby cleaned and dried immediately after birth,Whether baby wrapped in warm clothes,Diagnosis of baby immediately after birth,
78ce4be2-8ec1-4279-a689-50d0a359c212,Physical Examination,Section to questions relationship for Physical Examination,Concept Details,Physical Examination,,,,Birth Defects,Other Birth Defects,Colour of child,Reflex,Muscle tone,Jaundice (Icterus),,,,
043a5078-268b-4506-adf7-879a38375b44,Vitals,Section to questions relationship for Vitals,Concept Details,Vitals,,,,Child Pulse,Child Temperature,Child Respiratory Rate,,,,,,,
7bdc58ab-a384-44d9-8670-56c363d37a0d,Details,Section to questions relationship for Details,Concept Details,Details,,,,Date and time of abortion,Type of abortion,Place of Abortion,Specify other place of abortion,Abortion done by,Specify the who other did the abortion,"If self medication, where did woman get the medicine from",Other place from where woman got the medicine,Complication due to abortion,Other complication faced due to abortion
6d9862a8-38af-42fb-8286-3f0eef5b5440,Result,Section to questions relationship for Result,Concept Details,Result,,,,CBNAAT,tb lab test result CBNAAT,MTB,LJ,tb lab test result LJ,Positive growth LJ,LPA,tb lab test result LPA,Positive growth LPA,
32ac9507-5d90-4b09-9969-1bd5057e2672,General,Section to questions relationship for General,Concept Details,General,,,,Place of birth,Birth Weight,Gestational age category at birth,Cried soon after birth,Breast feeding within 1 hour of birth,Breast feeding started,Whether baby cleaned and dried immediately after birth,Whether baby wrapped in warm clothes,Diagnosis of baby immediately after birth,
c6bb3db1-b0fd-4c87-8577-b93a79e02cb7,Newborn observations within 30 seconds,Section to questions relationship for Newborn observations within 30 seconds,Concept Details,Newborn observations within 30 seconds,,,,Newborn cry,Newborn breathing,Newborn movement,"If baby was not breathing for 30 seconds, was any action taken","If baby was not breathing for 30 seconds, was any action taken?",,,,,
c75309b7-8b60-4c9d-affa-f8240bec1a54,Details,Section to questions relationship for Details,Concept Details,Details,,,,Date and time of abortion,Type of abortion,Place of Abortion,Specify other place of abortion,Abortion done by,Specify the who other did the abortion,"If self medication, where did woman get the medicine from",Other place from where woman got the medicine,Complication due to abortion,Other complication faced due to abortion
85824334-b2fb-4666-9c6f-bc31fe6a2a5e,Newborn observations after 5 mins,Section to questions relationship for Newborn observations after 5 mins,Concept Details,Newborn observations after 5 mins,,,,Newborn cried,Newborn breath,Newborn movements,,,,,,,
01bca144-6f65-46f1-826b-ddec66a60d9c,Dummy,Section to questions relationship for Dummy,Concept Details,Dummy,,,,Weight,Dummy,,,,,,,,
c89fc618-3ce5-4c6a-85c8-4af9535115e8,Basic Details,Section to questions relationship for Basic Details,Concept Details,Basic Details,,,,Blood Pressure (systolic),Blood Pressure (Diastolic),Is mosquito net given,Is safe delivery kit given,Phulwari,Phulwari group,Enrolment ID,Is baby exclusively breastfeeding,Is there any developmental delay or disability seen?,Child Disabilities
08135498-9290-4666-90dd-de58da4384fd,Personal Details,Section to questions relationship for Personal Details,Concept Details,Personal Details,,,,Birth Order,Father's Occupation,Father's education Level,Mother's Occupation,Mother's education Level,Father's Name,Mother's Name,Religion,Caste Category,Sub Caste
1069cb43-5162-4b94-b74c-0c2b83267654,Socio-Economic Details,Section to questions relationship for Socio-Economic Details,Concept Details,Socio-Economic Details,,,,Land possession,Land Area,Type of residence,Economic Status,Property,Other property,Ration Card,,,
94a8748f-9d70-42d1-b92a-edf5c3964925,Results,Section to questions relationship for Results,Concept Details,Results,,,,Sputum AFB,Hb,RBS,PP2BS,FBS,ALT,Serum Albumin,HIV/AIDS Test,HIV (Elisa),Serum Creatinin
4d8a4968-fba0-4325-aaed-7e787f375ab4,Details,Section to questions relationship for Details,Concept Details,Details,,,,Date and time of abortion,Type of abortion,Place of Abortion,Specify other place of abortion,Abortion done by,Specify the who other did the abortion,"If self medication, where did woman get the medicine from",Other place from where woman got the medicine,Complication due to abortion,Other complication faced due to abortion
7f4dfe6b-e0cc-4ac2-9974-fbde4eab58bd,Place and Date of death,Section to questions relationship for Place and Date of death,Concept Details,Place and Date of death,,,,Place of death,Date of Death,Village/City name where individual died,Source of information for death,,,,,,
33c400c6-4d89-41d4-818b-84e6016c1c92,Cause of death,Section to questions relationship for Cause of death,Concept Details,Cause of death,,,,Probable cause of death,Other (Specify),,,,,,,,
410d9e27-4b6c-49fd-ba4b-7e64d55a0d6e,Delivery Details,Section to questions relationship for Delivery Details,Concept Details,Delivery Details,,,,Date and time of labour pain started,Date and time when baby was out,Gestational age category,Place of delivery,Other place of delivery,Type of delivery,Delivery conducted by,Other who conducted delivery,Name of person who conducted delivery,Name of village where woman delivered
7ccfe6dd-cdbe-4c98-8b88-48f4c92bf5d4,Other details,Section to questions relationship for Other details,Concept Details,Other details,,,,Name of village where woman got abortion done,Does woman require referral?,Danger signs during the process of labour,Part of foetus that came first,Colour of amniotic fluid,Other colour of amniotic fluid,Was mother given tab. Misoprostol (3 tabs)/ Inj. Oxytocin (on thigh) within 1 minute after the birth?,Was placenta delivered by pulling,Was mother given anything to drink?,Did mother breastfed the baby within 1 hour after the birth
365c2d2e-fa22-4a51-8bfc-daa990559316,Anthropometry,Section to questions relationship for Anthropometry,Concept Details,Anthropometry,,,,Height,Weight,BMI,Systolic,Diastolic,Is mosquito net given,Is safe delivery kit given,Skip capturing height,Reason for skipping height capture.,Waist circumference
d1f2b192-d8e3-4447-aa7e-809ad8148a6f,Disease,Section to questions relationship for Disease,Concept Details,Disease,,,,Date of diagnosis,Type of patient,Diabetes existing complications,Specify other existing complications,Eye status,Teeth Status,Nail Status,"Radial, dorsalis pedis",Sensory charting,Foot
134e10d7-2a7a-473d-b796-9b9e65394404,ECG,Section to questions relationship for ECG,Concept Details,ECG,,,,ECG findings,ECG Upload,Heart condition,other heart condition,,,,,,
9e03ed37-65c4-4391-a694-f7b6dcbf83e7,Lab,Section to questions relationship for Lab,Concept Details,Lab,,,,Baseline RBS,RBS,Baseline FBS,Baseline PP2BS,HbA1C,HB1AC,Hb,Sr. Creatinin,Urin albumin,Urine albumin
255a46a1-1252-40b5-bde6-dc873e94b17d,Medicine,Section to questions relationship for Medicine,Concept Details,Medicine,,,,Whether Folic acid given,Whether IFA given,Whether Calcium given,Whether Amala given,Diabetes medicines,Metformin,Metformin tablet for how many times a day,Metformin tablet for how many days,Metformin SR,Metformin SR tablet for how many times a day
133abd53-63c5-47cf-9447-fb9898950331,Counselling,Section to questions relationship for Counselling,Concept Details,Counselling,,,,Counselling,Counselling points of diabetes enrolment,Initial counselling done,Counselling Done,Hypertension Enrolment Counselling Points,Does woman want to continue this pregnancy?,Send her to nearest antenatal clinic,Date of next ANC Visit,Send her to hospital for abortion,TB family screening counselling point
af4d8646-893e-46be-9ba0-6968caca9911,Next visit date,Section to questions relationship for Next visit date,Concept Details,Next visit date,,,,Next visit date,Date of next visit,,,,,,,,
0e458f03-579e-451c-9d7e-6161c93f618f,Place,Section to questions relationship for Place,Concept Details,Place,,,,Place of follow up,,,,,,,,,
8167356d-e024-47e8-9ee8-973d302398e6,Anthropometry,Section to questions relationship for Anthropometry,Concept Details,Anthropometry,,,,Height,Weight,BMI,Systolic,Diastolic,Is mosquito net given,Is safe delivery kit given,Skip capturing height,Reason for skipping height capture.,Waist circumference
9312397e-5bef-4051-908c-65d6fd0b935e,History,Section to questions relationship for History,Concept Details,History,,,,Doing well?,Any new complaint,Diabetes existing complications,"If yes, what complaint",Specify other complaint,No.of days medicine taken previous month,Aadhaar ID,Compliance of previous month,Reasons for not taking medicines,Other reasons for not taking medicines
79ac525f-04ba-45dd-9195-e55f5e49f842,Physical examination,Section to questions relationship for Physical examination,Concept Details,Physical examination,,,,Eye status,Followup teeth status,Nail Status,"Radial, dorsalis pedis",Sensory charting,Foot,Foot specify other,ECG findings,ECG Upload,Heart condition
076ee7ac-4b16-4cfc-ab79-c899a808b5c2,Labs and other investigations,Section to questions relationship for Labs and other investigations,Concept Details,Labs and other investigations,,,,RBS,FBS,PP2BS,Urin albumin,ECG findings,ECG changes,,,,
6326140f-af18-483b-b9a6-b03bcc247e0e,Assessment,Section to questions relationship for Assessment,Concept Details,Assessment,,,,Sugar control 2 not,Sugar Control 2,Sugar control 3.,Sugar Control 3,Any new complications,Other complications,sugar  1,Sugar  2,Sugar 3,Sugar control 1
4b8c1880-7d07-4de6-a971-02db6dd35711,Medicine,Section to questions relationship for Medicine,Concept Details,Medicine,,,,Whether Folic acid given,Whether IFA given,Whether Calcium given,Whether Amala given,Diabetes medicines,Metformin,Metformin tablet for how many times a day,Metformin tablet for how many days,Metformin SR,Metformin SR tablet for how many times a day
4ca40c23-7c67-4646-9469-c615f2050a1d,Assessment,Section to questions relationship for Assessment,Concept Details,Assessment,,,,Sugar control 2 not,Sugar Control 2,Sugar control 3.,Sugar Control 3,Any new complications,Other complications,sugar  1,Sugar  2,Sugar 3,Sugar control 1
09489bea-2c3c-4801-ab46-3637101d689d,Counselling,Section to questions relationship for Counselling,Concept Details,Counselling,,,,Counselling,Counselling points of diabetes enrolment,Initial counselling done,Counselling Done,Hypertension Enrolment Counselling Points,Does woman want to continue this pregnancy?,Send her to nearest antenatal clinic,Date of next ANC Visit,Send her to hospital for abortion,TB family screening counselling point
24470299-047a-4179-9fd6-6fe28e11fed8,Referral,Section to questions relationship for Referral,Concept Details,Referral,,,,Referral needed to mother?,Does woman require referral?,Place of referral,Other place of referral,Referral reason,Other referral reason,Status of referral -1,Status of referral -2,Status of referred patients,Woman requires referral
dd7e96f2-1d6b-49c3-af2b-de92d2015060,Next visit,Section to questions relationship for Next visit,Concept Details,Next visit,,,,Notes for diabetes follow up,Date of next visit,,,,,,,,
865784c4-db5f-43c4-87a3-63ba74c1b21e,Labs,Section to questions relationship for Labs,Concept Details,Labs,,,,FBS,PP2BS,HbA1C,Hb,Sr. Creatinin,Cholesterol,,,,
104a6073-7c70-4dc2-9ec2-f1272d68f1f2,Assessment,Section to questions relationship for Assessment,Concept Details,Assessment,,,,Sugar control 2 not,Sugar Control 2,Sugar control 3.,Sugar Control 3,Any new complications,Other complications,sugar  1,Sugar  2,Sugar 3,Sugar control 1
98b7f6bc-eaf7-4125-a4b3-1ba7a367c1c0,Details,Section to questions relationship for Details,Concept Details,Details,,,,Date and time of abortion,Type of abortion,Place of Abortion,Specify other place of abortion,Abortion done by,Specify the who other did the abortion,"If self medication, where did woman get the medicine from",Other place from where woman got the medicine,Complication due to abortion,Other complication faced due to abortion
5e34c2d5-6d60-4a17-8499-ff5ffd4dda33,Details,Section to questions relationship for Details,Concept Details,Details,,,,Date and time of abortion,Type of abortion,Place of Abortion,Specify other place of abortion,Abortion done by,Specify the who other did the abortion,"If self medication, where did woman get the medicine from",Other place from where woman got the medicine,Complication due to abortion,Other complication faced due to abortion
55d15e8c-9cd6-4b25-9ef4-5ca133b33e02,Medicines,Section to questions relationship for Medicines,Concept Details,Medicines,,,,Epilepsy medicines,Phenobarbitone dose,Phenobarbitone for how many times a day (voided~73755),Phenobarbitone for how many times a days,Phenobarbitone for how many days,Carbamezepine dose,Carbamezepine for how many times a day (voided~73757),Carbamezepine for how many times a days,Carbamezepine for how many days,Phenytoin dose
5473d293-8547-4857-ac6c-d4649c72a0d0,Next Visit,Section to questions relationship for Next Visit,Concept Details,Next Visit,,,,Date of next visit,,,,,,,,,
62674c94-263f-4cc3-8a18-2c3a38874132,Referral Status-1 Details,Section to questions relationship for Referral Status-1 Details,Concept Details,Referral Status-1 Details,,,,Status of referral -1,Other status of referral -1,,,,,,,,
a86e7303-b071-459f-b972-fa5687f442ee,Referral Status-2 Details,Section to questions relationship for Referral Status-2 Details,Concept Details,Referral Status-2 Details,,,,Status of referral -2,Other status of referral -2,,,,,,,,
d85ed640-29b2-4745-8626-2bb19cd6bb98,Results,Section to questions relationship for Results,Concept Details,Results,,,,Sputum AFB,Hb,RBS,PP2BS,FBS,ALT,Serum Albumin,HIV/AIDS Test,HIV (Elisa),Serum Creatinin
de6f7b57-8171-4abd-82b8-bac5f88e3762,Health Check Up Details of Newborn,Section to questions relationship for Health Check Up Details of Newborn,Concept Details,Health Check Up Details of Newborn,,,,Fever HBNC,Is the Newborn able to suck milk? (good signs of latching),Does mother have any problem in breastfeeding?,Umbilicus chord,Any danger sign of sepsis,"Other danger sign, please specify",,,,
a16af92b-888a-4e18-8486-33f364d4e68b,Referral,Section to questions relationship for Referral,Concept Details,Referral,,,,Referral needed to mother?,Does woman require referral?,Place of referral,Other place of referral,Referral reason,Other referral reason,Status of referral -1,Status of referral -2,Status of referred patients,Woman requires referral
5dbcd3f7-c6a1-41c8-b136-d6668c163f79,Details,Section to questions relationship for Details,Concept Details,Details,,,,Date and time of abortion,Type of abortion,Place of Abortion,Specify other place of abortion,Abortion done by,Specify the who other did the abortion,"If self medication, where did woman get the medicine from",Other place from where woman got the medicine,Complication due to abortion,Other complication faced due to abortion
77336587-c5e1-40ab-81ff-95cbb4f9a450,Anthropometry,Section to questions relationship for Anthropometry,Concept Details,Anthropometry,,,,Height,Weight,BMI,Systolic,Diastolic,Is mosquito net given,Is safe delivery kit given,Skip capturing height,Reason for skipping height capture.,Waist circumference
747ace58-ff59-4058-b83f-b273e4e9f4ef,Basic details,Section to questions relationship for Basic details,Concept Details,Basic details,,,,Blood Pressure (systolic),Blood Pressure (Diastolic),BMI,Is mosquito net given,Is safe delivery kit given,Addiction,Type of patient,,,
166cf602-3e8f-4b9e-80b0-8955560e8033,Disease,Section to questions relationship for Disease,Concept Details,Disease,,,,Date of diagnosis,Type of patient,Diabetes existing complications,Specify other existing complications,Eye status,Teeth Status,Nail Status,"Radial, dorsalis pedis",Sensory charting,Foot
1cd88102-6cf6-4950-8dd1-d806685533c2,Physical Exam,Section to questions relationship for Physical Exam,Concept Details,Physical Exam,,,,"Face, limbs, speech",Type of stroke,Eye examination,ECG findings,ECG Upload,HTN heart condition,other heart condition,Specify abnormal ECG findings,ECG changes,Anyother existing complication/Comorbidity
1951b454-a87f-4794-ab02-366bae31cf7e,Baseline lab,Section to questions relationship for Baseline lab,Concept Details,Baseline lab,,,,Creatinin,RBS,Cholesterol,Existing Complications (voided~69833),Existing Complications,Anyother existing complication/Comorbidity,Specify complications,Complete Diagnosis,,
b0d4c40e-77f1-4c65-998e-2ea2f8b385b4,Medicine,Section to questions relationship for Medicine,Concept Details,Medicine,,,,Whether Folic acid given,Whether IFA given,Whether Calcium given,Whether Amala given,Diabetes medicines,Metformin,Metformin tablet for how many times a day,Metformin tablet for how many days,Metformin SR,Metformin SR tablet for how many times a day
3599a786-6ac4-47c0-a31b-b28b24d0039c,Counselling,Section to questions relationship for Counselling,Concept Details,Counselling,,,,Counselling,Counselling points of diabetes enrolment,Initial counselling done,Counselling Done,Hypertension Enrolment Counselling Points,Does woman want to continue this pregnancy?,Send her to nearest antenatal clinic,Date of next ANC Visit,Send her to hospital for abortion,TB family screening counselling point
351e92e7-9b72-4ce5-bdc5-030d11b5d224,Next visit details,Section to questions relationship for Next visit details,Concept Details,Next visit details,,,,Date of next ANC Visit,next anc date,Date of next visit,Disease status,Plan recall within a month for this patient!,Notes for hypertension followup,Next visit date,,,
7b8e8d6e-b225-49cf-b9c1-32867f2372a9,Followup details,Section to questions relationship for Followup details,Concept Details,Followup details,,,,Place of follow up,,,,,,,,,
79010b58-b37a-4e75-a7fe-12eac6f1c60d,Anthropometry,Section to questions relationship for Anthropometry,Concept Details,Anthropometry,,,,Height,Weight,BMI,Systolic,Diastolic,Is mosquito net given,Is safe delivery kit given,Skip capturing height,Reason for skipping height capture.,Waist circumference
751eb4be-8c00-4006-96b5-00139cbc0788,Basic details,Section to questions relationship for Basic details,Concept Details,Basic details,,,,Blood Pressure (systolic),Blood Pressure (Diastolic),BMI,Is mosquito net given,Is safe delivery kit given,Addiction,Type of patient,,,
5481b9a8-2e77-4a71-8997-08651fbe1f05,History,Section to questions relationship for History,Concept Details,History,,,,Doing well?,Any new complaint,Diabetes existing complications,"If yes, what complaint",Specify other complaint,No.of days medicine taken previous month,Aadhaar ID,Compliance of previous month,Reasons for not taking medicines,Other reasons for not taking medicines
9ea694ad-9e16-45af-8869-e56fbf182b80,Physical Exam,Section to questions relationship for Physical Exam,Concept Details,Physical Exam,,,,"Face, limbs, speech",Type of stroke,Eye examination,ECG findings,ECG Upload,HTN heart condition,other heart condition,Specify abnormal ECG findings,ECG changes,Anyother existing complication/Comorbidity
b582f82f-2663-4fcd-82eb-83478bcc8522,Lab,Section to questions relationship for Lab,Concept Details,Lab,,,,Baseline RBS,RBS,Baseline FBS,Baseline PP2BS,HbA1C,HB1AC,Hb,Sr. Creatinin,Urin albumin,Urine albumin
07a57e89-9863-4be7-839a-5567ae07df83,Medicine,Section to questions relationship for Medicine,Concept Details,Medicine,,,,Whether Folic acid given,Whether IFA given,Whether Calcium given,Whether Amala given,Diabetes medicines,Metformin,Metformin tablet for how many times a day,Metformin tablet for how many days,Metformin SR,Metformin SR tablet for how many times a day
c831191d-0469-499a-9811-4a5d0e649116,Counselling,Section to questions relationship for Counselling,Concept Details,Counselling,,,,Counselling,Counselling points of diabetes enrolment,Initial counselling done,Counselling Done,Hypertension Enrolment Counselling Points,Does woman want to continue this pregnancy?,Send her to nearest antenatal clinic,Date of next ANC Visit,Send her to hospital for abortion,TB family screening counselling point
27ded2ae-506b-4e8b-a6ba-e09441ef050f,Referral,Section to questions relationship for Referral,Concept Details,Referral,,,,Referral needed to mother?,Does woman require referral?,Place of referral,Other place of referral,Referral reason,Other referral reason,Status of referral -1,Status of referral -2,Status of referred patients,Woman requires referral
a46e09f7-7ca6-442a-b74b-dfe7d4ec2595,Assessment,Section to questions relationship for Assessment,Concept Details,Assessment,,,,Sugar control 2 not,Sugar Control 2,Sugar control 3.,Sugar Control 3,Any new complications,Other complications,sugar  1,Sugar  2,Sugar 3,Sugar control 1
a806ec5c-fe69-489a-92a7-3e162fdc536f,Next visit details,Section to questions relationship for Next visit details,Concept Details,Next visit details,,,,Date of next ANC Visit,next anc date,Date of next visit,Disease status,Plan recall within a month for this patient!,Notes for hypertension followup,Next visit date,,,
f6b3d866-bd05-4ac6-9c33-3755bb191889,Referral Status-1 Details,Section to questions relationship for Referral Status-1 Details,Concept Details,Referral Status-1 Details,,,,Status of referral -1,Other status of referral -1,,,,,,,,
39239868-9576-4e44-98cb-c780c9314dbe,Referral Status-2 Details,Section to questions relationship for Referral Status-2 Details,Concept Details,Referral Status-2 Details,,,,Status of referral -2,Other status of referral -2,,,,,,,,
c42ad4e6-cd7a-4444-8524-767f0b871be2,History and Examination,Section to questions relationship for History and Examination,Concept Details,History and Examination,,,,"Is child having TB related symptoms like weight loss, loss of appetite, lymph-node growth etc",Weight,,,,,,,,
dfc737fa-fb4b-4eab-85bb-2939661186d1,Follow up details,Section to questions relationship for Follow up details,Concept Details,Follow up details,,,,Is child taking the medicine?,Reasons for not taking the medicine,Other reason for not taking the medicine,,,,,,,
34a12050-f67c-4429-9451-9a089a3b7bcc,Next visit details,Section to questions relationship for Next visit details,Concept Details,Next visit details,,,,Date of next ANC Visit,next anc date,Date of next visit,Disease status,Plan recall within a month for this patient!,Notes for hypertension followup,Next visit date,,,
f33a31b2-24e6-48b2-95cd-ff34a1aea056,Personal Details,Section to questions relationship for Personal Details,Concept Details,Personal Details,,,,Birth Order,Father's Occupation,Father's education Level,Mother's Occupation,Mother's education Level,Father's Name,Mother's Name,Religion,Caste Category,Sub Caste
9e23bf32-8964-47bf-b64e-68564b34c321,Individual information,Section to questions relationship for Individual information,Concept Details,Individual information,,,,Relation to head of the household,First Name (Hindi),Last Name (Hindi),Individual Id,Non programme village name,Father/Husband's Name,Marital status,Date of marriage,Education,Occupation
81d46270-ebe7-41bd-be2e-c9ac47e49761,Socio-Economic Details,Section to questions relationship for Socio-Economic Details,Concept Details,Socio-Economic Details,,,,Land possession,Land Area,Type of residence,Economic Status,Property,Other property,Ration Card,,,
efa80120-b870-4f66-8295-57a002c3bf47,Test details,Section to questions relationship for Test details,Concept Details,Test details,,,,FBS,PP2BS,HbA1C,Test results available,,,,,,
b7ef6ce8-ba6e-49ae-bb34-315812362663,Lab,Section to questions relationship for Lab,Concept Details,Lab,,,,Baseline RBS,RBS,Baseline FBS,Baseline PP2BS,HbA1C,HB1AC,Hb,Sr. Creatinin,Urin albumin,Urine albumin
74384b84-66c5-446a-836f-ea63d34ea268,Result,Section to questions relationship for Result,Concept Details,Result,,,,CBNAAT,tb lab test result CBNAAT,MTB,LJ,tb lab test result LJ,Positive growth LJ,LPA,tb lab test result LPA,Positive growth LPA,
37c70ca9-3d62-42ae-bb4c-c5dd5d9610fe,Result,Section to questions relationship for Result,Concept Details,Result,,,,CBNAAT,tb lab test result CBNAAT,MTB,LJ,tb lab test result LJ,Positive growth LJ,LPA,tb lab test result LPA,Positive growth LPA,
b5b82d43-4eb2-459d-8bd3-c0acbaf4bcb5,Details,Section to questions relationship for Details,Concept Details,Details,,,,Date and time of abortion,Type of abortion,Place of Abortion,Specify other place of abortion,Abortion done by,Specify the who other did the abortion,"If self medication, where did woman get the medicine from",Other place from where woman got the medicine,Complication due to abortion,Other complication faced due to abortion
d47ad6bf-bd8a-425b-b9f1-7fd709123de1,Basic Details,Section to questions relationship for Basic Details,Concept Details,Basic Details,,,,Blood Pressure (systolic),Blood Pressure (Diastolic),Is mosquito net given,Is safe delivery kit given,Phulwari,Phulwari group,Enrolment ID,Is baby exclusively breastfeeding,Is there any developmental delay or disability seen?,Child Disabilities
a8b7b111-7ffa-4554-a744-eaee2a5497ac,Mother's examination,Section to questions relationship for Mother's examination,Concept Details,Mother's examination,,,,Temperature,Temperature(celcius),Pulse,Blood Pressure (systolic),Blood Pressure (Diastolic),Is there foul smelling discharge PV,Does mother has seizures?,mother have less breast milk,"Does mother has any breast related issue like swelling, cracked nipple etc?",
dcc5bdc6-547e-4cdb-b6be-b2724dfaa538,Schemes,Section to questions relationship for Schemes,Concept Details,Schemes,,,,mother get the benefit of JSY scheme,Date of recieving the JSY scheme benefit,,,,,,,,
0f00dfcd-62ed-4ffb-938f-f7c024fb97ef,Counselling,Section to questions relationship for Counselling,Concept Details,Counselling,,,,Counselling,Counselling points of diabetes enrolment,Initial counselling done,Counselling Done,Hypertension Enrolment Counselling Points,Does woman want to continue this pregnancy?,Send her to nearest antenatal clinic,Date of next ANC Visit,Send her to hospital for abortion,TB family screening counselling point
dcce47c8-473d-4ea6-845f-f78d4c0886cf,Counselling details,Section to questions relationship for Counselling details,Concept Details,Counselling details,,,,Counselling,Family Planning Benefits for Women,The benefits of family planning to the child,Risks of not adopting family planning,The exact time and interval of pregnancy,When is the possibility of the next pregnancy after delivery?,Have you thought about using any contraceptive,"If she had not thought about any contraceptive method, then tell about different methods.",Provide detailed information about the chosen contraceptive method,Repeat key points once again
36a69f27-5361-46a6-80cc-37cde3304392,Referral,Section to questions relationship for Referral,Concept Details,Referral,,,,Referral needed to mother?,Does woman require referral?,Place of referral,Other place of referral,Referral reason,Other referral reason,Status of referral -1,Status of referral -2,Status of referred patients,Woman requires referral
5b21a7e9-8edc-4580-a932-94d43a66672c,Health Checkup Details of Mother,Section to questions relationship for Health Checkup Details of Mother,Concept Details,Health Checkup Details of Mother,,,,Any cut/tear in birth track,Fever PPMC,Abscess/Swelling in breast,Severe abdominal pain,PPH,Uterus round and hard,Mother is getting food and water,,,
797b8a7a-6d72-4661-b090-2edbb4f22880,Referral,Section to questions relationship for Referral,Concept Details,Referral,,,,Referral needed to mother?,Does woman require referral?,Place of referral,Other place of referral,Referral reason,Other referral reason,Status of referral -1,Status of referral -2,Status of referred patients,Woman requires referral
993f4b90-f7c9-4bd9-aea7-e1d1452714d3,General Information,Section to questions relationship for General Information,Concept Details,General Information,,,,ANC Enrolment ID,Relation with village,Other relation with village,,,,,,,
0f564415-be18-467c-8777-683024b9d314,Obstetric details,Section to questions relationship for Obstetric details,Concept Details,Obstetric details,,,,Gravida,Parity,Live birth,still birth,number of abortions,"prganancy,death",Death of children within 1 week after delivery,Death of children due to congenital abnormality,Do you know the exact LMP date?,Last menstrual period
9535572e-1436-4bd6-8183-ff2d5b910168,Previous Pregnancy Details,Section to questions relationship for Previous Pregnancy Details,Concept Details,Previous Pregnancy Details,,,,Last Delivery,Last Delivery (estimated),Last delivery place,Last delivery outcome,Last delivery gender,Last delivery- Is baby alive?,Any High risk condition in previous pregnancy,High risk condition in previous pregnancy,Other high risk condition in previous pregnancy,Does woman want to continue this pregnancy?
c1b6e61e-7b44-4541-8b77-5bb426dcd955,Medical history,Section to questions relationship for Medical history,Concept Details,Medical history,,,,Taking medicine for chronic disease,Name of chronic disease,Other chronic disease,,,,,,,
e506da89-2d47-4771-9114-79a1b33a2e11,Details of ANC Visit,Section to questions relationship for Details of ANC Visit,Concept Details,Details of ANC Visit,,,,Date of next ANC Visit,,,,,,,,,
42925bd7-64e2-46c5-8e96-103e389c4914,Counselling,Section to questions relationship for Counselling,Concept Details,Counselling,,,,Counselling,Counselling points of diabetes enrolment,Initial counselling done,Counselling Done,Hypertension Enrolment Counselling Points,Does woman want to continue this pregnancy?,Send her to nearest antenatal clinic,Date of next ANC Visit,Send her to hospital for abortion,TB family screening counselling point
d8fa0913-cd5f-4ea6-bc9e-1f8f1e713f9f,Referral Status-1 Details,Section to questions relationship for Referral Status-1 Details,Concept Details,Referral Status-1 Details,,,,Status of referral -1,Other status of referral -1,,,,,,,,
f1e9a905-95a9-4d91-b3fe-a273c01f7f7d,Referral Status-2 Details,Section to questions relationship for Referral Status-2 Details,Concept Details,Referral Status-2 Details,,,,Status of referral -2,Other status of referral -2,,,,,,,,
6c4dff11-b94a-4858-b6b5-9ef86a8497d2,Details,Section to questions relationship for Details,Concept Details,Details,,,,Date and time of abortion,Type of abortion,Place of Abortion,Specify other place of abortion,Abortion done by,Specify the who other did the abortion,"If self medication, where did woman get the medicine from",Other place from where woman got the medicine,Complication due to abortion,Other complication faced due to abortion
edf3a7cd-afb8-4efc-ac4d-7c66574c4374,Lab Investigation,Section to questions relationship for Lab Investigation,Concept Details,Lab Investigation,,,,Hb,MCV,TLC,Disease status,Disease status dummy,,,,,
dd851850-369a-4794-b3d4-4faf4d304caa,Medicine,Section to questions relationship for Medicine,Concept Details,Medicine,,,,Whether Folic acid given,Whether IFA given,Whether Calcium given,Whether Amala given,Diabetes medicines,Metformin,Metformin tablet for how many times a day,Metformin tablet for how many days,Metformin SR,Metformin SR tablet for how many times a day
d7ad5831-7915-403c-9a09-5b94fb03b0f8,Next visit date,Section to questions relationship for Next visit date,Concept Details,Next visit date,,,,Next visit date,Date of next visit,,,,,,,,
254af769-7fce-4339-9fe7-a5c3614cfa65,Lab Investigation,Section to questions relationship for Lab Investigation,Concept Details,Lab Investigation,,,,Hb,MCV,TLC,Disease status,Disease status dummy,,,,,
433c26c2-4db7-4ad2-93dc-39bbf764059c,Details,Section to questions relationship for Details,Concept Details,Details,,,,Date and time of abortion,Type of abortion,Place of Abortion,Specify other place of abortion,Abortion done by,Specify the who other did the abortion,"If self medication, where did woman get the medicine from",Other place from where woman got the medicine,Complication due to abortion,Other complication faced due to abortion
e8142595-5698-48b0-af22-7f9f777ab976,Socio-economic Status of Family,Section to questions relationship for Socio-economic Status of Family,Concept Details,Socio-economic Status of Family,,,,Land possession,Land Area,Has history of migration,Ration Card,Food security,Distance of home from center,Have taken any loan,Loan amount,Purpose of taking loan,Other purpose of taking loan
98bd0be5-5a75-4594-8e1c-f59f15966757,Family screening,Section to questions relationship for Family screening,Concept Details,Family screening,,,,Is there history of TB in the family,Any death in family due to TB,How many suspected members found in the family,,,,,,,
865ebad4-035f-4da4-9487-4ef51f1d1133,Counselling,Section to questions relationship for Counselling,Concept Details,Counselling,,,,Counselling,Counselling points of diabetes enrolment,Initial counselling done,Counselling Done,Hypertension Enrolment Counselling Points,Does woman want to continue this pregnancy?,Send her to nearest antenatal clinic,Date of next ANC Visit,Send her to hospital for abortion,TB family screening counselling point
e29b2107-ea73-4767-be52-0697d11f73c3,Details,Section to questions relationship for Details,Concept Details,Details,,,,Date and time of abortion,Type of abortion,Place of Abortion,Specify other place of abortion,Abortion done by,Specify the who other did the abortion,"If self medication, where did woman get the medicine from",Other place from where woman got the medicine,Complication due to abortion,Other complication faced due to abortion
e9b65253-85b0-4770-835f-692bc56ed548,Anthropometry,Section to questions relationship for Anthropometry,Concept Details,Anthropometry,,,,Height,Weight,BMI,Systolic,Diastolic,Is mosquito net given,Is safe delivery kit given,Skip capturing height,Reason for skipping height capture.,Waist circumference
e23897f3-8bf5-4176-a2dc-b853a7ebeaeb,Symptoms improvement,Section to questions relationship for Symptoms improvement,Concept Details,Symptoms improvement,,,,fever,cough,loss of appettite,breathing difficulty,Size of lymphnode,,,,,
9ee04a67-81ba-4b7b-8188-08d0806dabe5,Baseline disease information,Section to questions relationship for Baseline disease information,Concept Details,Baseline disease information,,,,TB type,"If Pulmonary, place of TB","If pulmonary TB, sputum status",If sputum positive,"Extrapulmonary, place of TB","Other extrapulmonary, place of TB",TB Patient type,Basis of starting the treatment,Other basis of starting the treatment,Symptoms of pulmonary TB
8c266a11-86ed-465d-9b0f-31b23ca77e3e,Physical examination,Section to questions relationship for Physical examination,Concept Details,Physical examination,,,,Eye status,Followup teeth status,Nail Status,"Radial, dorsalis pedis",Sensory charting,Foot,Foot specify other,ECG findings,ECG Upload,Heart condition
d6430f5b-3cf4-4a98-9402-d3d8e9743ccc,Symptoms of extra pulmonary TB,Section to questions relationship for Symptoms of extra pulmonary TB,Concept Details,Symptoms of extra pulmonary TB,,,,Lymph node length,Lymph node width,Lymph node pain,Lymph node discharge,Lymph node - Sinus/Ulcer,Lymph node - sinus/ulcer,Pleural respiratory rate,Pleural rib level,,
1c557d18-ad71-40b0-990a-1db6ac4c1ca9,Medicine Compliance,Section to questions relationship for Medicine Compliance,Concept Details,Medicine Compliance,,,,No.of days medicine taken previous month,Compliance of previous month,Reasons for not taking medicines,Other reasons for not taking medicines,Taking medicine correctly?,What is the problem for not taking medicines correctly,Specify other problem for not taking medicines correctly,,,
4a686837-7b34-4c15-b6df-a835ff4913bc,Side effect of medicines,Section to questions relationship for Side effect of medicines,Concept Details,Side effect of medicines,,,,Side effects of medicines,Specify other side effects,Status of side effect,Patient Treatment Status,Patients treatment status,,,,,
9218a0d3-0958-4d3d-adbf-1c2536a57b45,Baseline Lab,Section to questions relationship for Baseline Lab,Concept Details,Baseline Lab,,,,Hb,Serum Albumin,ALT,RBS,FBS,PP2BS,HIV/AIDS Test,Serum Creatinin,GGT,Pleural fluid colour
3278cab3-d5b2-43ec-b592-539ae63b0cbe,Medicine,Section to questions relationship for Medicine,Concept Details,Medicine,,,,Whether Folic acid given,Whether IFA given,Whether Calcium given,Whether Amala given,Diabetes medicines,Metformin,Metformin tablet for how many times a day,Metformin tablet for how many days,Metformin SR,Metformin SR tablet for how many times a day
524a6c40-71d8-414d-8bd6-5dbfad3febfb,Labs - Test Required,Section to questions relationship for Labs - Test Required,Concept Details,Labs - Test Required,,,,Any lab investigation is required?,What lab investigations?,,,,,,,,
4096dfc0-7c0f-44ab-aae2-cb9d2c2a3dc0,Counselling,Section to questions relationship for Counselling,Concept Details,Counselling,,,,Counselling,Counselling points of diabetes enrolment,Initial counselling done,Counselling Done,Hypertension Enrolment Counselling Points,Does woman want to continue this pregnancy?,Send her to nearest antenatal clinic,Date of next ANC Visit,Send her to hospital for abortion,TB family screening counselling point
3c010508-3259-453c-acc8-2be6fc1dc77b,Referral,Section to questions relationship for Referral,Concept Details,Referral,,,,Referral needed to mother?,Does woman require referral?,Place of referral,Other place of referral,Referral reason,Other referral reason,Status of referral -1,Status of referral -2,Status of referred patients,Woman requires referral
6bfd2b2a-4999-4f82-a688-15614f9cf7ca,Next Visit,Section to questions relationship for Next Visit,Concept Details,Next Visit,,,,Date of next visit,,,,,,,,,
c957826f-8e58-4781-a1a1-6121619675bd,Complete diagnosis,Section to questions relationship for Complete diagnosis,Concept Details,Complete diagnosis,,,,Complete Diagnosis,,,,,,,,,
d2b6bfa1-6524-4774-9f35-d390b53077b5,Treatment details,Section to questions relationship for Treatment details,Concept Details,Treatment details,,,,Start date of INH prophylaxis,Treatment end date of INH prophylaxis,Weight,,,,,,,
4882c88a-9921-4916-9927-48457f17f83d,Test details,Section to questions relationship for Test details,Concept Details,Test details,,,,FBS,PP2BS,HbA1C,Test results available,,,,,,
48252cb8-e7ff-4f57-9022-b918f0b66a5a,Lab test results,Section to questions relationship for Lab test results,Concept Details,Lab test results,,,,ALT,Sputum AFB,Serum Albumin,Hb,RBS,HIV/AIDS Test,HIV (Elisa),Serum Creatinin,FBS,PP2BS
dd5d4435-660b-4ff7-a94f-a838fef99ea5,Referral Status-1 Details,Section to questions relationship for Referral Status-1 Details,Concept Details,Referral Status-1 Details,,,,Status of referral -1,Other status of referral -1,,,,,,,,
a5c939c1-c8a6-4f07-be94-54e8ae96c108,Referral Status-2 Details,Section to questions relationship for Referral Status-2 Details,Concept Details,Referral Status-2 Details,,,,Status of referral -2,Other status of referral -2,,,,,,,,
371f2f89-0507-426b-bc11-a5db3fa4cdf6,Barrier Assessment If Patient would be taking treatment from routine NTEP protocol for additional Support,Section to questions relationship for Barrier Assessment If Patient would be taking treatment from routine NTEP protocol for additional Support,Concept Details,Barrier Assessment If Patient would be taking treatment from routine NTEP protocol for additional Support,,,,Patient Related Barrier Assessment (tick whichever is applicable),Healthcare Related Barrier Assessment (tick whichever is applicable),Any Other Barriers,,,,,,,
116ca25a-debf-4590-bb5f-1112599c3071,Types of Social Support Offered Until the Date,Section to questions relationship for Types of Social Support Offered Until the Date,Concept Details,Types of Social Support Offered Until the Date,,,,Educational Support,Psychological Support,Social Support,Support for Accessing healthcare new,Nutritional Support,De-Addiction Support,Support for Linking with Nikshay,Specify Support for Nikshay Linking,Any Other Support Needed (If not mentioned in the list above),
14a194e6-733b-4f10-99cf-5ee2d039501d,Study ID,Section to questions relationship for Study ID,Concept Details,Study ID,,,,TB Study ID (TBS001 to TBS999),,,,,,,,,
1f839981-eea9-47cf-a883-86d3febe0777,Date Information,Section to questions relationship for Date Information,Concept Details,Date Information,,,,Date of filling the form,,,,,,,,,
25a998b0-bc9a-41a4-9c3c-3996d9727df9,Examination,Section to questions relationship for Examination,Concept Details,Examination,,,,Height (cms),Weight (kg),BMI,Mid Upper Arm Circumference (cms),Respiratory Rate (Per Minute),SPO2 on RA (%),Systolic BP (mmHg),Diastolic BP,General Condition,"If unstable, details"
aa8ae0a6-0383-48ad-a023-d446ddb8325f,Form Filled Details,Section to questions relationship for Form Filled Details,Concept Details,Form Filled Details,,,,Form Filled by (write initials),Date of form filling,,,,,,,,
ff8dd6d9-3865-4e87-9599-672433630330,Study ID,Section to questions relationship for Study ID,Concept Details,Study ID,,,,TB Study ID (TBS001 to TBS999),,,,,,,,,
c21f9a89-1eec-4a51-9efc-bdb1aceee5d7,Date Information,Section to questions relationship for Date Information,Concept Details,Date Information,,,,Date of filling the form,,,,,,,,,
890f17e3-3a43-4f49-bc9a-ce4d6ef74e00,Baseline Labs For ATT Initiation,Section to questions relationship for Baseline Labs For ATT Initiation,Concept Details,Baseline Labs For ATT Initiation,,,,Which of the following Baseline Labs tests were done?,RBS (mg/dl),FBS (mg/dl),PP2BS (mg/dl),HIV Elisa New,Hemoglobin (mg/dl),SGPT / ALT,Creatinine (mg/dl),Serum Albumin (mg/dl),Sodium (mEq/dl)
91fe706c-9b55-4b98-977f-99b73929bc43,Microbiological Confirmation of TB,Section to questions relationship for Microbiological Confirmation of TB,Concept Details,Microbiological Confirmation of TB,,,,Which of the following Baseline Labs tests were done New,Sputum AFB (write positive if any one test is positive. If multiple tests positive then write highest positive result),CBNAAT Sample Type,CBNAAT MTB Report,CBNAAT Rifampicin Sensitivity Report,,,,,
0b259554-4daf-413f-9c8b-8b050b3abfa9,Other Sensitivity Test,Section to questions relationship for Other Sensitivity Test,Concept Details,Other Sensitivity Test,,,,Other Sensitivity Reports - Sample sent,"If yes, tick the test for which sample was sent",LPA Culture Report,Growth Positive,LJ Culture Report,Growth Positive New,,,,
c6fd6a2d-ea08-4e15-80a0-ac92cf9e5a1b,Other Tests,Section to questions relationship for Other Tests,Concept Details,Other Tests,,,,Other Relevent tests done (write the test name and result) (voided~258212),Other Relevent tests done (write the test name and result),,,,,,,,
d26b0ced-3615-4df0-b253-39232d77e59f,Form Filled Details,Section to questions relationship for Form Filled Details,Concept Details,Form Filled Details,,,,Form Filled by (write initials),Date of form filling,,,,,,,,
8823dca2-0d26-42ea-bcad-a07205f43eb0,Study ID,Section to questions relationship for Study ID,Concept Details,Study ID,,,,TB Study ID (TBS001 to TBS999),,,,,,,,,
c6d05cb8-b615-4536-b851-429148999c18,Date Information,Section to questions relationship for Date Information,Concept Details,Date Information,,,,Date of filling the form,,,,,,,,,
023f5368-17ba-482a-8dc2-e004adf75608,Baseline Treatment Plan For Patient,Section to questions relationship for Baseline Treatment Plan For Patient,Concept Details,Baseline Treatment Plan For Patient,,,,Baseline Treatment Plan,Medication Type,FDC Type,FDC Dose Per Day,Pyridoxine Dose (mg/day),Antibiotics Prescribed for Secondary Infection,"If yes, Drug Name, Dose, Frequency and duration",Steroids New,"If yes, Drug Name, Dose, Frequency and duration New",Steroids
7c5cbb0b-ca8f-4f2d-8d25-9740d42352bf,Barrier Assessment If Patient would be taking treatment from routine NTEP protocol for additional Support,Section to questions relationship for Barrier Assessment If Patient would be taking treatment from routine NTEP protocol for additional Support,Concept Details,Barrier Assessment If Patient would be taking treatment from routine NTEP protocol for additional Support,,,,Patient Related Barrier Assessment (tick whichever is applicable),Healthcare Related Barrier Assessment (tick whichever is applicable),Any Other Barriers,,,,,,,
83304640-badf-4c15-9ce0-8b4149af41be,Types of Social Support Offered Until the Date,Section to questions relationship for Types of Social Support Offered Until the Date,Concept Details,Types of Social Support Offered Until the Date,,,,Educational Support,Psychological Support,Social Support,Support for Accessing healthcare new,Nutritional Support,De-Addiction Support,Support for Linking with Nikshay,Specify Support for Nikshay Linking,Any Other Support Needed (If not mentioned in the list above),
f16f0afc-02ac-422b-b31f-5660b73a4565,Form Filled Details,Section to questions relationship for Form Filled Details,Concept Details,Form Filled Details,,,,Form Filled by (write initials),Date of form filling,,,,,,,,
f6d9c9c9-6b96-4b40-8f82-bb07eb2882c6,Address,Section to questions relationship for Address,Concept Details,Address,,,,Village,Tehsil,District,Distance from JSS Ganiyari (Kms),Distance from nearby govt facility where free TB treatment available (in kms),New - Other,,,,
5c938b13-491f-4269-afa2-05c4c898d7f6,Demographic Information,Section to questions relationship for Demographic Information,Concept Details,Demographic Information,,,,Full Name,"Full Name (Name, Middle Name, Surname)",Reg No.,Reg Code,Age (Completed Years),Age (years),Gender.,Gender,Caste new,Caste Category New
5ebe86b8-7504-489d-ac5b-6d1bdb2ac39a,TB Study Diagnosis Process Information,Section to questions relationship for TB Study Diagnosis Process Information,Concept Details,TB Study Diagnosis Process Information,,,,TB Survey Family Number,Camp Date,Date of Confirmed Diagnosis,Date of Starting ATT,TB Registry Number (Given by Saukhi Bhaiya),,,,,
9895f178-213b-4bdb-85d7-63cdae3fb6f7,TB Study Enrollment Information,Section to questions relationship for TB Study Enrollment Information,Concept Details,TB Study Enrollment Information,,,,TB Study ID (TBS001 to TBS999),Date of Enrollment in study,Date of Treatment Start,Diagnosis Confirmed at,Type of Ration Selected by Patient,Type of Ration Selected by Family Members,Cluster,Type of Follow Up for Medicines,,
7cb007e3-1ae3-42bc-b851-d7817a45c9db,Details,Section to questions relationship for Details,Concept Details,Details,,,,Date and time of abortion,Type of abortion,Place of Abortion,Specify other place of abortion,Abortion done by,Specify the who other did the abortion,"If self medication, where did woman get the medicine from",Other place from where woman got the medicine,Complication due to abortion,Other complication faced due to abortion
ddae505b-c50c-44dc-a131-61062c72677c,Illness information,Section to questions relationship for Illness information,Concept Details,Illness information,,,,What is the health issue (Illness / Major symptoms),"Other health issue, please specify",Lab Investigations,"Other Lab Investigations, please specify",Upt,Malaria Slide,Malaria rdk,,,
7b801ab9-9648-48af-8131-347b7b40e9e0,Treatment,Section to questions relationship for Treatment,Concept Details,Treatment,,,,Treatment,Medicine,Dosage,How many times a day,For how many days?,Is referral required ?,,,,
533d4ee1-bbd8-492a-931f-7bde86ada614,Referral,Section to questions relationship for Referral,Concept Details,Referral,,,,Referral needed to mother?,Does woman require referral?,Place of referral,Other place of referral,Referral reason,Other referral reason,Status of referral -1,Status of referral -2,Status of referred patients,Woman requires referral
980fd37e-0393-4feb-8051-4762e832c66c,Details,Section to questions relationship for Details,Concept Details,Details,,,,Date and time of abortion,Type of abortion,Place of Abortion,Specify other place of abortion,Abortion done by,Specify the who other did the abortion,"If self medication, where did woman get the medicine from",Other place from where woman got the medicine,Complication due to abortion,Other complication faced due to abortion
600f6e72-185f-4f0d-82dd-3e469588ab84,Anthropometry,Section to questions relationship for Anthropometry,Concept Details,Anthropometry,,,,Height,Weight,BMI,Systolic,Diastolic,Is mosquito net given,Is safe delivery kit given,Skip capturing height,Reason for skipping height capture.,Waist circumference
bc3fce15-6a1f-4324-8808-5ff572f66fec,Baseline disease information,Section to questions relationship for Baseline disease information,Concept Details,Baseline disease information,,,,TB type,"If Pulmonary, place of TB","If pulmonary TB, sputum status",If sputum positive,"Extrapulmonary, place of TB","Other extrapulmonary, place of TB",TB Patient type,Basis of starting the treatment,Other basis of starting the treatment,Symptoms of pulmonary TB
a6122a50-3f06-4deb-b79a-47e4880c8a9c,Symptoms of extra pulmonary TB,Section to questions relationship for Symptoms of extra pulmonary TB,Concept Details,Symptoms of extra pulmonary TB,,,,Lymph node length,Lymph node width,Lymph node pain,Lymph node discharge,Lymph node - Sinus/Ulcer,Lymph node - sinus/ulcer,Pleural respiratory rate,Pleural rib level,,
d7e61a41-9ffc-47fe-a4ac-36ebbd79b907,Baseline Lab,Section to questions relationship for Baseline Lab,Concept Details,Baseline Lab,,,,Hb,Serum Albumin,ALT,RBS,FBS,PP2BS,HIV/AIDS Test,Serum Creatinin,GGT,Pleural fluid colour
8b4ec382-0a47-444b-a2da-8f3b1c1f9762,Medicine,Section to questions relationship for Medicine,Concept Details,Medicine,,,,Whether Folic acid given,Whether IFA given,Whether Calcium given,Whether Amala given,Diabetes medicines,Metformin,Metformin tablet for how many times a day,Metformin tablet for how many days,Metformin SR,Metformin SR tablet for how many times a day
9bf6fc45-f8ad-4d76-ab5d-7da57ee2046a,Next Visit,Section to questions relationship for Next Visit,Concept Details,Next Visit,,,,Date of next visit,,,,,,,,,
7db95c09-1ad4-40e3-a0c8-99a65368e36f,Complete diagnosis,Section to questions relationship for Complete diagnosis,Concept Details,Complete diagnosis,,,,Complete Diagnosis,,,,,,,,,
0a098cfc-2e84-4536-87b4-1f925a29595e,Details,Section to questions relationship for Details,Concept Details,Details,,,,Date and time of abortion,Type of abortion,Place of Abortion,Specify other place of abortion,Abortion done by,Specify the who other did the abortion,"If self medication, where did woman get the medicine from",Other place from where woman got the medicine,Complication due to abortion,Other complication faced due to abortion
306f58b8-a469-49e9-ae25-571552e48b04,Enrolment Details,Section to questions relationship for Enrolment Details,Concept Details,Enrolment Details,,,,Date of enrolment,Are there any symptoms?,Please mention symptoms,Woman is referred for which complaint related to cervix?,Woman is referred for which complaint related to breast?,Woman is referred for which complaint related to Oral cavity?,,,,
